,OddsH,OddsD,OddsA
0,1.73,3.8,5.5
1,1.67,3.5,5.5
2,1.95,3.0,4.5
3,1.73,3.6,4.75
4,1.72,4.0,4.5
5,1.85,3.25,4.6
6,1.62,3.8,5.5
7,1.66,3.4,4.5
8,1.75,3.4,5.0
9,1.9,3.1,4.75
10,1.57,3.6,5.0
11,1.66,3.6,5.0
12,1.72,3.3,5.5
13,1.7,3.3,5.5
14,1.73,3.4,5.25
15,1.67,3.6,5.5
16,1.8,3.3,5.0
17,1.57,3.4,5.5
18,1.53,4.33,5.5
19,1.67,4.0,5.0
20,1.65,3.75,5.5
21,1.95,3.4,4.5
22,1.73,3.6,4.75
23,1.8,3.4,4.5
24,1.66,3.2,5.0
25,1.73,3.5,5.0
26,1.83,3.25,4.75
27,1.62,3.8,5.5
28,1.66,3.2,5.0
29,1.8,3.3,4.75
30,1.72,3.4,5.0
31,1.67,3.8,5.0
32,1.6,3.8,5.5
33,1.75,3.75,5.5
34,1.72,3.2,4.5
35,1.62,4.0,5.5
36,1.61,3.39,5.0
37,1.53,3.6,5.0
38,1.8,3.4,4.5
39,1.75,3.4,5.0
40,1.57,4.0,5.5
41,1.7,3.5,5.5
42,1.75,3.8,5.25
43,1.7,3.8,5.0
44,1.6,3.6,5.25
45,1.61,3.5,4.5
46,1.8,3.6,4.5
47,1.8,3.2,4.75
48,1.83,3.25,4.75
49,1.85,3.6,4.75
50,1.8,3.3,4.75
51,1.62,4.0,5.25
52,1.75,3.39,5.5
53,1.91,3.5,4.75
54,1.72,3.2,4.5
55,1.8,3.5,4.75
56,1.66,3.6,5.5
57,1.75,4.2,4.6
58,1.8,3.4,4.5
59,1.67,4.0,4.75
60,1.67,3.6,5.25
61,1.85,3.29,4.75
62,1.85,3.6,4.75
63,1.67,4.0,4.75
64,1.83,3.4,4.5
65,1.67,3.8,5.5
66,1.62,4.0,5.5
67,1.75,3.5,4.75
68,1.8,3.5,4.75
69,1.62,4.0,5.5
70,1.83,3.1,4.75
71,1.67,3.8,5.0
72,1.66,3.4,4.5
73,1.66,4.33,4.5
74,1.83,3.75,4.75
75,1.66,3.79,5.25
76,1.57,3.8,5.5
77,1.62,4.0,5.5
78,1.75,3.3,5.25
79,1.67,4.1,4.5
80,1.62,3.75,5.5
81,3.0,1.8,5.0
82,1.57,3.4,5.5
83,1.62,3.75,5.5
84,1.75,3.6,5.0
85,1.67,3.75,5.0
86,1.61,3.6,5.5
87,1.57,4.0,5.5
88,1.66,3.75,5.0
89,1.72,3.4,5.0
90,1.8,3.6,4.5
91,1.66,3.6,5.5
92,1.57,3.8,5.5
93,1.5,3.75,5.5
94,1.8,3.3,4.75
95,1.83,3.1,5.0
96,1.83,3.6,5.0
97,1.67,3.75,5.0
98,1.83,3.5,4.5
99,1.57,3.6,5.0
100,1.85,3.2,4.75
101,3.0,1.73,5.0
102,1.57,3.8,5.5
103,1.61,3.2,5.5
104,1.57,3.4,5.0
105,1.66,3.2,5.0
106,1.65,3.75,5.25
107,1.57,3.5,5.0
108,1.72,3.5,5.0
109,1.85,3.8,4.5
110,1.83,3.5,4.5
111,1.66,3.6,5.0
112,3.1,1.66,5.0
113,1.75,3.3,5.0
114,1.62,4.2,4.75
115,1.8,3.5,4.5
116,1.83,3.1,5.0
117,1.62,3.75,5.5
118,1.75,3.75,5.25
119,1.85,3.2,4.75
120,1.66,3.6,5.25
121,1.62,4.0,5.5
122,1.66,3.2,5.0
123,1.8,3.5,4.5
124,1.57,4.0,5.5
125,1.7,3.75,5.0
126,1.67,3.5,5.5
127,1.65,4.2,4.5
128,1.83,3.5,4.5
129,1.95,3.2,4.5
130,1.62,4.0,5.25
131,1.7,3.4,5.5
132,1.8,3.5,4.75
133,1.57,4.0,5.5
134,1.57,3.5,5.0
135,1.8,3.5,4.75
136,1.85,3.75,4.6
137,1.7,3.75,4.75
138,1.72,3.5,5.0
139,1.67,3.75,5.5
140,1.7,3.1,5.0
141,1.8,3.6,4.5
142,1.67,3.8,5.5
143,1.67,3.75,5.0
144,1.72,3.0,4.75
145,1.66,3.4,5.5
146,1.83,3.5,4.5
147,1.7,3.5,5.25
148,1.8,3.5,4.75
149,1.73,3.5,5.0
150,1.62,3.75,5.5
151,1.57,3.8,5.5
152,1.73,3.6,4.75
153,1.83,3.4,4.5
154,1.67,3.6,5.25
155,1.9,3.2,4.5
156,1.83,3.25,5.0
157,1.8,3.2,4.75
158,1.66,3.4,5.5
159,1.66,3.4,4.5
160,1.72,3.0,5.0
161,1.7,4.0,5.5
162,1.73,3.5,5.0
163,1.7,3.75,4.75
164,1.61,3.6,4.5
165,1.83,3.5,4.5
166,1.73,3.6,4.75
167,1.91,3.2,4.75
168,1.72,3.2,4.5
169,1.73,3.5,5.0
170,1.8,3.7,4.5
171,1.62,4.2,4.75
172,1.67,3.8,5.5
173,1.9,3.0,4.75
174,1.73,3.75,4.5
175,1.8,3.2,5.0
176,1.61,3.79,5.5
177,1.73,3.6,5.0
178,1.72,2.87,5.0
179,1.7,4.0,5.5
180,1.67,3.5,5.5
181,1.83,3.5,4.5
182,1.72,3.4,5.0
183,1.57,3.8,5.5
184,1.62,4.0,5.5
185,1.66,3.25,5.0
186,1.8,3.5,4.5
187,1.91,3.2,4.75
188,1.73,3.5,5.0
189,1.73,3.6,5.25
190,1.75,3.4,4.75
191,1.8,3.25,5.0
192,1.73,3.6,5.25
193,1.66,3.4,5.5
194,1.73,3.5,5.0
195,1.8,3.25,5.0
196,1.57,4.33,5.5
197,1.75,3.5,4.5
198,1.72,3.4,5.0
199,1.9,3.0,4.5
200,1.67,3.75,5.5
201,1.75,3.39,5.5
202,1.65,3.8,5.0
203,1.73,3.75,4.5
204,1.72,3.0,5.0
205,1.75,3.6,5.0
206,1.8,3.39,5.0
207,1.72,3.3,5.5
208,1.8,3.6,4.75
209,1.72,3.4,5.0
210,1.75,3.75,4.5
211,1.67,3.8,5.25
212,1.73,3.5,5.0
213,1.8,3.6,4.5
214,1.7,4.0,4.75
215,1.85,3.3,4.5
216,1.83,3.2,4.75
217,1.72,3.6,5.0
218,1.67,3.75,5.0
219,1.62,3.75,5.5
220,1.67,3.75,5.0
221,1.73,3.3,5.5
222,1.61,3.6,5.5
223,1.72,3.4,5.0
224,1.61,3.6,5.5
225,1.73,3.5,5.0
226,1.72,3.0,5.0
227,1.8,3.6,4.75
228,1.73,3.6,4.75
229,1.67,3.75,5.5
230,1.83,3.2,4.75
231,1.75,3.75,4.75
232,1.61,3.8,5.0
233,1.95,3.39,4.5
234,1.66,3.1,5.5
235,1.8,3.5,4.75
236,1.83,3.25,4.75
237,1.75,3.5,4.75
238,1.62,3.8,5.5
239,1.66,3.4,5.5
240,1.85,3.75,4.5
241,1.75,3.5,4.75
242,1.67,3.5,5.5
243,1.7,3.6,5.0
244,1.62,3.75,5.5
245,1.8,3.6,4.5
246,1.62,3.75,5.5
247,1.72,3.6,4.75
248,1.8,3.6,4.5
249,1.8,3.4,4.75
250,1.8,3.2,4.75
251,1.83,3.3,4.75
252,1.73,3.4,5.25
253,1.91,3.3,4.5
254,1.67,3.75,5.0
255,1.75,3.9,5.0
256,1.66,3.6,5.0
257,1.61,3.6,5.5
258,1.8,2.87,4.5
259,1.73,3.4,5.25
260,1.91,3.2,4.75
261,1.61,3.2,5.5
262,1.67,3.75,5.5
263,1.83,2.87,4.5
264,1.85,3.2,4.75
265,1.85,3.25,4.6
266,1.75,3.5,4.75
267,1.72,3.3,5.0
268,1.83,3.5,4.5
269,1.62,3.75,5.5
270,1.72,3.0,5.0
271,1.73,3.6,5.0
272,1.57,4.0,5.5
273,1.72,3.4,5.0
274,1.72,3.0,5.0
275,1.83,3.4,4.5
276,1.61,3.4,5.0
277,1.8,3.4,4.75
278,1.62,4.0,5.5
279,2.05,2.87,4.5
280,1.85,3.5,4.5
281,1.8,3.6,4.5
282,1.57,3.5,5.0
283,1.73,3.6,5.25
284,1.91,3.5,4.6
285,1.7,3.89,5.0
286,1.66,3.4,4.5
287,1.7,3.8,5.0
288,1.72,3.4,5.5
289,1.61,4.0,5.25
290,1.57,3.5,5.0
291,1.75,3.3,5.25
292,2.25,2.5,4.5
293,1.73,4.0,5.0
294,1.73,3.4,5.25
295,1.73,3.8,4.75
296,1.7,4.0,4.5
297,1.7,3.6,5.5
298,1.9,3.1,4.5
299,1.7,3.9,5.5
300,1.85,3.4,4.75
301,1.72,3.6,4.5
302,1.62,4.0,5.0
303,1.73,3.5,5.0
304,1.8,3.25,5.0
305,1.66,3.6,5.0
306,1.73,3.6,4.75
307,1.73,3.6,4.75
308,1.67,3.75,5.5
309,1.55,4.2,5.5
310,1.66,3.4,5.5
311,1.73,3.5,5.0
312,1.8,3.3,4.5
313,1.8,3.3,4.5
314,1.83,3.4,4.75
315,1.8,3.5,4.5
316,1.75,3.4,5.0
317,1.72,3.4,5.0
318,1.75,3.8,5.25
319,1.85,3.4,4.75
320,1.8,3.5,4.5
321,1.61,3.6,5.5
322,1.83,3.7,4.75
323,1.67,3.6,5.25
324,1.62,4.0,5.5
325,1.83,3.5,5.25
326,1.7,3.8,5.0
327,1.8,3.5,4.5
328,1.44,4.0,5.5
329,1.62,3.75,5.5
330,1.91,3.5,4.75
331,1.73,3.75,5.0
332,1.61,3.25,5.0
333,1.57,4.1,5.5
334,1.8,3.2,5.0
335,1.61,3.4,5.0
336,1.83,3.4,4.5
337,1.75,3.9,5.0
338,1.65,3.4,4.75
339,1.66,3.4,4.5
340,1.57,4.33,5.0
341,1.8,3.5,4.75
342,1.7,3.5,5.25
343,1.72,3.0,5.0
344,1.73,3.6,4.75
345,1.8,3.2,4.75
346,1.55,3.6,5.25
347,1.83,3.7,4.75
348,1.83,3.3,4.75
349,1.8,3.2,4.75
350,1.85,3.5,4.5
351,1.8,3.4,4.75
352,1.83,3.25,4.5
353,1.67,3.8,5.0
354,1.85,3.8,4.5
355,1.73,3.5,5.0
356,1.6,4.0,5.25
357,1.83,3.25,4.5
358,1.67,3.8,5.5
359,1.67,3.75,5.0
360,1.57,3.4,5.5
361,1.62,3.75,5.5
362,1.66,3.25,4.5
363,1.83,3.5,4.5
364,1.53,4.33,5.5
365,1.85,3.6,4.5
366,1.75,3.4,5.0
367,1.67,3.8,5.25
368,1.67,3.8,5.0
369,1.8,3.5,4.5
370,1.95,3.29,4.75
371,1.73,3.5,5.0
372,1.75,3.25,4.5
373,1.72,3.6,4.75
374,1.61,4.33,4.75
375,1.8,3.5,4.5
376,1.75,3.4,5.0
377,1.8,3.5,4.5
378,1.8,3.5,4.5
379,1.72,3.3,5.0
380,1.72,3.4,5.0
381,1.75,3.4,5.0
382,1.83,3.2,5.0
383,1.66,3.0,5.5
384,1.5,3.6,5.5
385,1.73,3.75,4.5
386,1.8,3.4,4.75
387,1.8,3.5,4.5
388,1.61,3.25,5.0
389,1.8,3.5,4.5
390,1.6,4.0,5.25
391,1.8,3.4,4.5
392,1.62,3.75,5.5
393,1.91,3.6,4.5
394,1.73,3.6,4.75
395,1.85,3.6,4.75
396,1.95,3.0,4.5
397,1.61,4.0,5.25
398,1.9,3.2,4.5
399,1.8,3.3,4.75
400,1.72,3.4,5.0
401,1.5,3.6,5.5
402,1.72,3.4,5.25
403,1.72,3.2,4.5
404,1.83,3.1,4.5
405,1.8,3.5,4.5
406,1.66,3.4,5.5
407,1.8,3.6,4.5
408,1.8,3.3,4.75
409,1.85,3.5,4.5
410,1.57,4.1,5.5
411,1.66,3.4,5.5
412,1.73,3.6,4.75
413,1.83,3.25,4.75
414,1.66,4.2,4.75
415,1.83,3.25,4.5
416,1.73,3.6,4.75
417,1.85,3.1,5.0
418,1.85,3.8,4.5
419,1.83,3.5,4.5
420,1.75,3.4,5.0
421,1.62,4.0,5.5
422,1.67,3.75,5.5
423,1.85,3.5,4.5
424,1.6,4.0,5.25
425,1.62,3.8,5.5
426,1.67,3.75,5.5
427,1.7,3.79,5.0
428,1.75,3.4,5.0
429,1.8,3.3,4.5
430,1.66,3.5,5.25
431,1.75,3.6,4.75
432,1.61,3.75,5.5
433,1.73,3.75,4.5
434,1.9,3.0,4.75
435,1.83,3.5,4.5
436,1.8,3.8,4.75
437,1.8,3.39,5.0
438,1.8,3.39,4.75
439,1.53,4.0,5.5
440,1.83,3.25,4.5
441,1.75,3.75,5.0
442,1.7,3.6,5.5
443,1.67,4.0,5.0
444,1.73,3.8,4.75
445,1.67,3.8,5.0
446,1.83,3.4,4.75
447,1.5,3.75,5.5
448,1.72,3.0,5.0
449,1.83,3.5,4.5
450,1.83,3.0,5.0
451,1.72,3.6,4.75
452,1.65,4.0,4.75
453,1.57,3.4,5.5
454,1.62,3.75,5.5
455,1.73,3.6,5.25
456,1.95,3.5,4.5
457,1.83,3.5,4.5
458,1.67,3.5,5.5
459,1.7,3.8,4.6
460,2.0,3.0,4.75
461,1.72,3.3,5.5
462,1.9,2.8,5.0
463,1.61,3.4,5.0
464,1.8,3.1,5.0
465,1.72,3.4,5.0
466,1.75,3.6,4.75
467,1.72,3.6,4.75
468,1.62,3.75,5.5
469,1.8,3.4,4.6
470,1.62,3.8,5.5
471,1.8,3.5,4.75
472,1.73,3.6,4.75
473,1.6,4.2,5.0
474,1.57,4.33,5.0
475,1.72,3.0,5.0
476,1.67,3.5,5.5
477,1.72,3.2,4.5
478,1.83,3.25,4.75
479,1.67,3.8,5.25
480,2.0,3.29,4.5
481,1.8,3.1,5.0
482,1.7,3.75,5.25
483,1.8,3.75,4.5
484,1.7,3.6,4.75
485,1.67,3.75,5.0
486,1.62,3.75,5.5
487,1.72,3.6,5.0
488,1.67,3.7,5.5
489,1.75,3.5,4.75
490,1.83,3.25,4.5
491,1.8,3.4,4.5
492,1.8,3.5,4.5
493,1.5,3.6,5.5
494,1.83,3.25,4.75
495,1.75,3.4,5.0
496,1.8,3.75,5.0
497,1.73,3.5,5.5
498,1.85,3.5,4.5
499,1.83,3.3,4.75
500,1.83,3.25,4.75
501,1.9,3.0,4.5
502,1.73,3.5,5.0
503,1.72,3.4,5.0
504,1.62,3.4,5.5
505,1.66,3.4,4.5
506,1.62,3.8,5.5
507,1.9,3.0,4.5
508,1.62,3.75,5.5
509,1.75,4.0,5.0
510,1.66,3.3,4.5
511,1.75,3.75,4.75
512,1.8,2.8,5.0
513,1.72,3.6,5.0
514,1.83,3.5,4.5
515,1.66,3.4,5.5
516,1.61,4.0,5.5
517,1.75,3.4,5.0
518,1.61,3.4,5.0
519,1.66,3.6,5.0
520,1.57,3.4,5.5
521,1.67,4.0,5.0
522,1.57,4.0,5.25
523,1.72,3.79,4.75
524,1.62,3.8,5.5
525,1.67,3.75,5.5
526,1.8,3.4,4.75
527,1.83,3.75,4.75
528,1.75,3.0,4.75
529,1.72,3.2,4.5
530,1.8,3.5,4.5
531,1.91,3.6,4.5
532,1.75,3.75,4.75
533,1.67,3.75,5.0
534,1.66,3.4,4.5
535,1.57,3.5,5.0
536,1.83,3.25,4.5
537,1.8,3.5,4.75
538,1.83,3.6,4.5
539,1.57,4.0,5.5
540,1.8,3.4,4.75
541,1.73,3.6,4.75
542,1.8,3.5,4.75
543,1.67,3.5,5.5
544,1.8,3.5,4.75
545,1.83,3.5,4.5
546,1.66,3.2,5.0
547,1.8,3.2,5.25
548,1.75,3.25,5.0
549,1.8,3.5,4.5
550,1.8,3.4,4.75
551,1.66,3.5,4.5
552,1.75,3.5,5.25
553,2.0,3.25,4.5
554,1.66,3.5,5.5
555,1.57,4.1,5.25
556,1.57,3.9,4.5
557,1.55,3.75,5.5
558,1.57,3.6,5.5
559,1.66,3.4,4.6
560,1.72,3.79,4.5
561,1.5,3.75,5.5
562,1.7,3.8,4.75
563,1.8,3.5,4.5
564,1.57,4.2,5.25
565,1.57,4.2,5.25
566,1.62,4.2,5.25
567,1.75,3.4,5.0
568,1.66,3.6,5.25
569,1.6,4.2,5.5
570,1.73,3.5,5.25
571,1.75,3.7,5.5
572,1.83,3.75,4.75
573,1.7,3.75,4.75
574,1.61,3.4,5.0
575,1.57,4.33,5.0
576,1.66,3.25,4.5
577,1.72,3.4,5.25
578,1.73,3.5,5.0
579,1.57,4.0,5.5
580,1.65,3.8,5.0
581,1.67,3.75,5.0
582,1.73,3.6,4.75
583,1.61,3.5,5.0
584,1.83,3.1,5.0
585,1.66,3.6,5.0
586,1.57,4.0,5.5
587,1.6,4.33,5.25
588,1.53,4.33,5.5
589,1.8,3.4,4.75
590,1.73,3.5,5.5
591,1.55,4.2,5.5
592,1.73,3.4,5.25
593,1.5,3.75,5.5
594,1.57,4.2,4.5
595,1.73,3.7,4.6
596,1.62,3.8,5.5
597,1.62,3.75,5.5
598,1.85,3.5,4.5
599,1.53,4.33,5.5
600,1.66,3.2,5.0
601,1.75,3.2,5.5
602,1.73,3.5,5.0
603,1.67,4.2,5.25
604,1.75,3.6,5.0
605,1.66,4.0,5.0
606,1.8,3.75,4.5
607,1.83,3.25,4.5
608,1.75,3.4,5.5
609,1.91,3.1,4.5
610,1.62,3.75,5.5
611,1.67,3.75,5.0
612,1.67,3.5,5.5
613,1.83,3.4,4.5
614,1.75,3.6,5.0
615,1.57,4.0,5.5
616,1.67,3.8,5.25
617,1.72,3.4,5.0
618,1.62,3.8,5.5
619,1.72,3.0,5.0
620,1.72,3.75,5.0
621,1.83,3.4,4.5
622,1.75,3.75,4.75
623,1.61,4.2,5.0
624,1.62,3.8,5.5
625,2.1,2.6,4.5
626,1.8,3.4,4.75
627,1.61,3.4,5.0
628,1.66,3.2,5.0
629,1.8,3.2,5.0
630,1.8,3.5,4.5
631,1.8,3.2,5.0
632,1.61,3.4,5.0
633,1.72,3.6,5.0
634,1.8,3.6,4.5
635,1.72,3.4,5.0
636,1.85,3.3,4.75
637,1.73,3.6,4.75
638,1.95,3.5,4.5
639,1.8,3.5,4.75
640,1.83,3.75,4.75
641,1.8,3.3,5.0
642,1.8,3.4,4.75
643,1.8,3.3,4.75
644,1.8,3.4,4.6
645,1.61,3.4,5.0
646,1.85,3.25,5.0
647,2.1,2.6,5.0
648,1.66,3.4,4.5
649,1.65,3.75,5.25
650,1.66,3.2,5.0
651,1.73,3.6,5.25
652,1.72,3.4,5.0
653,1.62,4.0,5.0
654,1.61,3.6,5.5
655,1.67,3.75,5.0
656,1.67,3.6,5.5
657,1.72,3.7,4.75
658,1.85,3.5,4.5
659,1.67,3.8,5.0
660,1.61,3.4,4.75
661,1.73,3.25,4.75
662,1.57,3.6,5.0
663,1.7,3.6,5.5
664,1.7,3.75,4.75
665,1.75,3.8,4.75
666,1.83,3.25,4.75
667,1.66,3.4,4.5
668,1.67,3.5,5.5
669,1.83,3.4,4.75
670,1.75,3.4,5.0
671,4.0,1.62,4.75
672,1.9,3.1,4.5
673,1.67,3.75,5.0
674,1.55,4.2,5.5
675,1.57,3.4,5.5
676,1.67,4.0,5.0
677,1.75,3.5,4.5
678,1.65,3.6,5.5
679,1.8,3.3,4.5
680,1.8,3.2,5.0
681,1.75,3.6,5.0
682,1.83,3.5,4.5
683,1.65,3.6,5.5
684,1.62,3.8,5.5
685,1.72,3.2,5.5
686,1.75,3.9,5.0
687,1.57,3.25,5.0
688,1.83,3.5,5.25
689,1.75,3.6,4.75
690,1.7,3.4,5.5
691,1.73,3.5,5.0
692,1.73,3.6,4.75
693,1.57,4.33,5.5
694,1.8,3.5,4.5
695,1.73,3.9,5.25
696,1.73,3.3,5.5
697,1.83,3.3,4.75
698,1.73,3.5,5.0
699,1.67,3.75,5.0
700,1.72,3.2,4.5
701,1.75,3.7,4.5
702,1.83,3.5,4.5
703,1.91,3.2,4.75
704,1.61,3.4,5.0
705,1.83,3.2,5.0
706,1.73,3.5,5.0
707,1.83,3.6,4.5
708,1.73,3.8,4.75
709,1.8,3.5,4.5
710,1.83,3.25,4.5
711,1.8,3.2,5.0
712,1.72,3.6,4.5
713,1.72,3.0,5.0
714,1.75,3.5,4.75
715,1.72,3.6,5.25
716,1.73,3.6,5.25
717,1.67,3.6,5.5
718,1.73,3.4,5.25
719,1.83,3.3,5.0
720,1.67,3.6,5.25
721,1.5,3.75,5.5
722,1.83,3.5,4.5
723,1.91,3.6,4.5
724,1.91,3.3,4.5
725,1.8,3.3,4.5
726,1.67,3.6,5.5
727,1.85,3.5,4.5
728,1.66,3.4,5.5
729,1.6,4.33,4.75
730,1.66,3.75,5.0
731,1.67,3.75,5.0
732,1.8,3.4,4.75
733,1.85,3.25,5.0
734,1.73,3.8,5.5
735,1.61,3.8,5.0
736,1.83,3.4,4.5
737,1.7,3.6,5.0
738,1.83,3.1,4.75
739,1.85,3.2,4.6
740,1.83,3.6,4.5
741,1.9,3.0,4.5
742,1.57,4.33,5.5
743,1.75,3.8,5.25
744,1.67,3.5,5.5
745,1.83,3.6,4.5
746,1.67,3.6,5.5
747,1.66,3.5,5.5
748,1.72,3.6,4.5
749,1.8,3.5,4.5
750,1.67,3.75,5.0
751,1.67,3.8,5.0
752,1.55,4.2,5.5
753,1.62,3.75,5.5
754,1.66,3.4,4.5
755,1.61,3.4,5.0
756,1.67,3.75,5.0
757,1.8,3.5,4.5
758,1.5,3.6,5.5
759,1.91,3.2,4.75
760,1.8,3.3,4.75
761,1.75,3.3,4.75
762,1.83,3.0,5.0
763,1.75,3.4,5.0
764,1.8,3.5,4.75
765,1.72,3.3,5.0
766,1.85,3.3,4.5
767,1.75,3.3,5.25
768,1.83,2.87,4.5
769,1.72,3.4,5.0
770,1.7,3.75,5.25
771,1.72,4.0,4.5
772,1.67,4.0,4.75
773,1.95,3.1,4.75
774,1.7,3.75,5.25
775,1.62,3.8,5.5
776,1.8,3.5,4.5
777,1.66,3.4,5.5
778,1.61,3.4,4.75
779,1.61,3.75,5.5
780,1.65,3.6,5.5
781,1.8,3.3,4.5
782,1.73,3.4,5.5
783,1.62,4.33,4.75
784,1.61,3.4,5.0
785,1.57,4.5,5.5
786,1.66,3.6,5.5
787,1.65,3.6,5.0
788,1.75,3.6,4.75
789,1.75,3.6,5.0
790,1.95,3.5,4.5
791,1.8,3.5,4.5
792,1.53,3.75,5.0
793,1.8,3.5,4.5
794,1.61,3.5,4.5
795,1.9,3.1,4.5
796,1.73,3.6,5.0
797,1.57,3.5,5.0
798,1.72,3.4,5.0
799,1.83,3.75,4.75
800,1.62,3.75,5.5
801,1.83,3.5,4.5
802,1.85,3.39,4.75
803,1.61,3.2,5.5
804,1.83,3.75,4.75
805,1.53,3.5,5.5
806,1.7,3.4,4.5
807,1.75,3.5,4.75
808,1.85,3.5,4.5
809,1.57,3.4,5.5
810,1.73,3.4,4.5
811,1.7,3.6,5.0
812,1.75,3.5,4.5
813,1.85,3.1,4.5
814,1.8,3.2,4.75
815,1.75,3.8,4.75
816,1.7,3.6,5.5
817,1.67,4.0,5.0
818,1.85,3.3,4.5
819,1.73,3.5,5.0
820,1.61,3.75,5.5
821,1.73,3.6,5.0
822,1.65,3.75,5.25
823,1.8,3.4,5.0
824,1.75,3.6,4.6
825,1.85,3.2,4.75
826,1.72,3.4,5.0
827,1.75,3.5,4.75
828,1.73,3.5,5.0
829,1.83,3.25,4.75
830,1.72,3.3,5.0
831,1.75,3.5,5.25
832,1.9,3.29,4.5
833,1.75,3.5,4.75
834,1.62,4.0,5.5
835,1.61,3.2,5.5
836,1.8,3.25,5.0
837,1.7,3.6,5.5
838,1.53,3.6,5.5
839,1.75,3.6,4.6
840,1.8,3.25,5.0
841,1.61,3.4,5.0
842,2.0,2.9,4.5
843,1.75,3.75,4.75
844,1.73,3.75,4.5
845,1.73,3.75,4.75
846,1.73,3.5,5.0
847,1.72,3.0,5.0
848,1.67,4.0,5.0
849,1.8,3.4,4.75
850,1.85,3.4,4.75
851,1.61,3.3,5.25
852,1.75,3.0,4.75
853,1.67,3.6,5.25
854,1.61,4.0,5.5
855,1.8,3.5,4.5
856,1.57,3.8,5.5
857,1.5,4.5,5.5
858,1.8,3.5,4.5
859,1.8,3.5,4.5
860,1.75,3.75,4.75
861,1.67,3.8,5.25
862,1.7,3.8,5.0
863,1.75,3.6,5.0
864,1.83,3.6,4.5
865,1.8,3.75,5.0
866,1.85,3.3,4.5
867,1.57,4.0,5.5
868,1.72,3.0,4.75
869,1.67,4.2,5.25
870,1.73,3.75,5.0
871,1.73,3.75,5.0
872,1.75,4.0,5.0
873,1.61,3.6,5.5
874,1.62,3.75,5.5
875,1.73,3.5,5.0
876,1.75,3.75,4.5
877,1.73,4.0,5.0
878,1.67,3.75,5.5
879,1.73,3.5,5.0
880,1.53,3.4,5.5
881,1.83,3.4,4.5
882,1.73,3.5,5.0
883,1.7,3.8,4.75
884,1.91,3.1,4.5
885,1.57,4.33,5.0
886,1.8,3.5,4.5
887,1.57,3.4,5.5
888,1.7,3.75,4.75
889,1.8,3.6,4.5
890,1.9,3.1,4.5
891,1.67,3.75,5.0
892,1.8,3.5,4.75
893,1.9,3.0,4.5
894,1.7,3.8,5.0
895,1.73,3.8,5.5
896,1.8,3.5,4.5
897,1.73,3.5,5.0
898,1.73,3.75,4.5
899,1.62,3.8,5.5
900,1.62,4.0,5.0
901,1.8,3.4,5.0
902,1.8,3.2,5.0
903,1.7,3.79,4.75
904,1.57,4.0,5.5
905,1.85,3.39,4.75
906,1.65,3.75,5.25
907,1.83,2.87,4.5
908,1.66,3.5,5.5
909,1.67,4.0,4.75
910,1.75,3.6,4.5
911,1.91,3.25,4.5
912,1.66,3.4,5.5
913,1.83,3.0,5.0
914,1.66,3.2,5.0
915,1.9,3.1,4.5
916,1.67,3.4,5.0
917,1.8,3.7,4.5
918,1.8,3.2,5.0
919,1.7,3.4,5.5
920,1.73,3.6,4.75
921,1.75,3.6,4.5
922,1.9,3.29,4.5
923,1.83,3.4,4.5
924,1.72,3.75,5.5
925,1.57,3.4,5.5
926,1.73,3.5,5.0
927,1.64,4.0,5.25
928,1.5,3.75,5.5
929,1.62,3.75,5.5
930,1.73,4.0,5.0
931,1.67,3.5,4.75
932,1.62,3.75,5.5
933,1.57,4.33,5.5
934,1.61,3.1,5.5
935,1.75,3.79,4.5
936,1.66,3.4,4.5
937,1.66,3.6,5.25
938,1.72,3.0,5.0
939,1.73,3.6,4.75
940,1.75,3.5,4.75
941,1.75,3.5,5.25
942,1.75,3.6,5.0
943,1.72,3.3,5.5
944,1.8,3.5,4.5
945,1.9,3.1,4.6
946,1.66,3.4,5.5
947,1.73,3.5,5.0
948,1.61,3.75,5.5
949,1.85,3.6,4.75
950,1.8,3.3,4.5
951,1.83,3.4,4.5
952,1.75,3.75,4.75
953,1.8,3.6,5.25
954,1.73,3.8,4.5
955,1.66,3.4,4.5
956,1.75,3.6,4.75
957,1.91,3.3,4.5
958,1.8,3.6,5.0
959,1.83,3.1,5.0
960,1.65,3.6,5.5
961,1.83,3.9,4.5
962,1.5,3.6,5.5
963,1.67,3.6,5.5
964,1.91,3.1,4.5
965,1.83,3.5,4.5
966,1.72,3.5,5.0
967,1.61,3.4,5.0
968,1.61,3.8,5.0
969,2.62,2.05,5.0
970,1.83,3.3,4.75
971,1.72,3.1,5.5
972,1.61,3.6,5.5
973,1.72,3.4,5.25
974,1.62,4.2,5.25
975,1.72,3.5,4.75
976,1.75,3.5,4.75
977,1.67,3.5,5.5
978,1.72,3.6,4.75
979,1.75,3.4,5.0
980,1.75,3.3,5.5
981,1.72,3.5,5.0
982,1.61,3.6,5.5
983,1.8,3.25,5.25
984,1.61,3.75,5.5
985,1.61,3.75,5.5
986,1.75,3.5,4.75
987,1.66,3.6,5.0
988,1.67,3.8,5.0
989,1.61,3.2,5.5
990,1.83,3.6,5.0
991,1.61,3.2,5.5
992,1.72,3.4,5.0
993,1.62,3.75,5.5
994,1.66,3.6,5.0
995,1.53,4.0,5.5
996,1.85,3.1,4.75
997,1.73,3.75,5.0
998,1.61,4.33,5.0
999,1.72,3.6,5.25
1000,1.85,3.3,4.5
1001,1.75,3.3,5.25
1002,1.65,3.7,5.25
1003,1.67,3.8,5.0
1004,1.83,3.25,4.5
1005,1.66,3.4,5.5
1006,1.62,3.8,5.5
1007,1.75,3.4,5.0
1008,1.8,3.5,4.5
1009,1.62,3.75,5.5
1010,2.88,1.83,5.0
1011,1.62,4.0,5.0
1012,1.65,3.75,5.25
1013,1.8,3.2,4.75
1014,1.67,4.0,5.0
1015,1.8,3.5,4.5
1016,1.57,3.4,5.5
1017,1.73,3.6,5.25
1018,1.72,3.1,5.5
1019,1.8,3.25,5.0
1020,1.91,3.1,4.5
1021,1.83,3.1,5.0
1022,1.67,3.75,5.0
1023,1.7,3.4,5.5
1024,1.75,3.4,4.75
1025,1.72,3.1,5.5
1026,1.65,3.6,5.5
1027,1.67,3.6,5.5
1028,1.72,3.4,5.0
1029,1.83,3.4,4.75
1030,1.67,4.2,4.5
1031,1.9,3.0,4.5
1032,1.65,3.6,5.5
1033,1.8,3.5,4.75
1034,1.67,3.5,5.5
1035,1.73,3.4,5.25
1036,1.72,3.0,5.0
1037,1.8,3.6,4.75
1038,1.75,3.9,5.0
1039,1.57,3.4,5.5
1040,1.57,3.4,5.5
1041,1.61,3.2,5.5
1042,1.72,3.4,5.5
1043,1.8,3.2,5.0
1044,1.66,3.4,4.5
1045,1.72,3.1,5.5
1046,1.65,3.6,5.5
1047,1.67,3.5,5.5
1048,1.66,3.6,5.25
1049,1.83,3.25,4.5
1050,1.66,3.0,5.5
1051,1.83,3.2,4.75
1052,1.8,3.6,5.25
1053,1.9,3.1,4.5
1054,1.57,3.4,5.5
1055,1.95,3.5,4.5
1056,1.73,3.6,5.0
1057,1.67,3.75,5.0
1058,1.57,3.4,5.5
1059,1.91,3.3,4.5
1060,1.53,4.33,5.5
1061,1.72,3.4,5.0
1062,1.8,3.25,5.0
1063,1.8,3.3,4.75
1064,1.72,3.6,5.0
1065,1.61,3.4,5.0
1066,1.61,3.4,5.0
1067,1.8,3.5,4.5
1068,1.72,3.25,5.5
1069,1.73,3.6,5.25
1070,1.73,3.75,4.5
1071,1.72,3.2,5.0
1072,1.72,3.5,5.5
1073,1.7,3.6,5.0
1074,1.61,3.5,4.8
1075,1.66,3.6,5.5
1076,1.62,4.2,5.25
1077,1.67,3.6,5.5
1078,1.73,3.5,5.0
1079,1.67,3.8,5.5
1080,1.72,3.3,5.5
1081,1.66,3.6,5.0
1082,1.72,3.0,5.0
1083,1.66,3.2,5.0
1084,1.9,3.0,4.75
1085,1.53,3.5,5.5
1086,1.83,3.4,4.5
1087,1.75,3.5,4.75
1088,1.75,3.75,4.75
1089,1.72,3.79,4.75
1090,1.72,3.5,5.0
1091,1.72,3.6,4.5
1092,1.75,3.5,4.5
1093,1.8,3.4,5.0
1094,1.66,3.3,4.75
1095,1.72,3.2,4.5
1096,1.75,3.75,4.75
1097,1.73,3.6,4.75
1098,1.8,3.5,4.5
1099,1.95,3.0,4.5
1100,1.72,3.1,4.5
1101,1.75,3.4,5.0
1102,1.85,3.4,4.75
1103,1.8,3.2,5.0
1104,1.75,3.8,5.25
1105,1.67,3.5,5.5
1106,1.73,3.8,4.5
1107,1.62,4.2,5.25
1108,1.57,4.2,5.5
1109,1.72,3.5,4.75
1110,1.66,3.2,5.0
1111,1.8,3.5,4.75
1112,1.73,3.6,5.25
1113,1.8,3.4,4.75
1114,1.83,3.4,4.5
1115,1.72,3.5,4.75
1116,1.73,4.0,4.5
1117,1.73,3.6,4.75
1118,1.72,3.0,5.0
1119,1.67,3.75,5.0
1120,1.73,3.5,5.0
1121,1.75,3.75,4.5
1122,1.6,4.33,5.25
1123,1.83,3.5,4.5
1124,1.6,4.0,5.25
1125,1.61,3.4,5.0
1126,1.8,3.3,4.75
1127,1.83,2.8,4.75
1128,1.8,3.2,4.75
1129,1.75,3.75,4.75
1130,1.83,3.4,4.5
1131,1.83,3.5,4.5
1132,1.62,3.75,5.5
1133,1.67,3.75,5.5
1134,1.9,3.1,4.5
1135,1.75,3.5,4.75
1136,1.7,3.6,5.0
1137,1.8,3.3,4.75
1138,1.8,3.4,4.6
1139,1.75,3.39,5.0
1140,1.8,3.3,4.5
1141,1.67,3.75,5.0
1142,1.57,4.0,5.5
1143,1.75,3.5,5.0
1144,1.75,3.8,5.25
1145,1.66,3.1,5.0
1146,1.72,3.75,5.0
1147,1.72,3.1,5.5
1148,1.66,3.4,5.5
1149,1.67,3.75,5.5
1150,1.8,3.5,4.5
1151,1.72,3.2,4.5
1152,1.91,3.4,4.5
1153,1.73,3.4,5.25
1154,1.67,3.75,5.5
1155,1.75,3.4,5.0
1156,1.75,3.6,4.5
1157,1.73,3.8,4.5
1158,1.67,3.75,5.5
1159,1.95,2.75,5.25
1160,1.75,3.5,4.75
1161,1.72,3.0,5.0
1162,1.66,3.4,5.5
1163,1.8,3.6,4.5
1164,1.62,4.2,4.75
1165,1.8,3.5,4.5
1166,1.8,3.79,4.5
1167,1.6,4.2,5.0
1168,1.72,3.3,4.5
1169,1.73,3.6,4.75
1170,1.8,3.2,5.0
1171,1.66,3.4,5.5
1172,1.73,3.6,5.25
1173,1.75,3.75,4.5
1174,1.62,4.0,5.0
1175,1.72,3.2,4.5
1176,1.8,3.5,4.5
1177,1.57,4.0,5.5
1178,1.83,3.75,4.75
1179,1.57,4.33,5.5
1180,1.66,3.6,5.25
1181,1.83,3.25,4.5
1182,1.75,3.3,5.5
1183,1.72,3.5,5.5
1184,1.72,3.5,5.25
1185,1.7,3.39,4.5
1186,1.66,3.4,4.5
1187,1.8,3.3,4.5
1188,1.75,3.6,5.0
1189,1.83,3.4,4.5
1190,1.57,4.1,5.5
1191,1.75,3.75,5.5
1192,1.73,3.3,5.5
1193,1.7,3.8,4.75
1194,1.8,3.5,4.5
1195,1.57,3.4,5.5
1196,1.8,3.3,4.75
1197,1.8,3.4,4.75
1198,1.62,4.0,5.25
1199,1.73,3.6,4.75
1200,1.62,3.75,5.5
1201,1.83,3.25,4.5
1202,1.57,3.5,5.0
1203,1.62,3.9,5.25
1204,1.66,3.5,5.5
1205,1.83,3.4,4.5
1206,1.66,3.79,5.25
1207,1.75,3.4,5.0
1208,1.73,3.75,4.8
1209,1.75,3.5,4.75
1210,1.64,4.0,5.25
1211,1.67,3.75,5.5
1212,1.9,3.2,4.5
1213,1.7,3.75,4.75
1214,1.67,4.0,4.75
1215,1.67,4.0,5.0
1216,1.65,3.8,5.0
1217,1.7,3.6,5.0
1218,1.83,3.25,4.5
1219,1.72,3.6,4.75
1220,1.6,4.0,5.25
1221,1.61,3.5,4.5
1222,1.8,3.39,5.0
1223,1.57,3.4,5.5
1224,1.73,3.8,4.75
1225,1.67,3.75,5.0
1226,1.72,3.6,5.0
1227,1.8,3.3,4.5
1228,1.67,3.75,5.5
1229,1.75,3.75,4.5
1230,1.8,3.3,4.75
1231,1.72,3.4,5.25
1232,1.83,3.5,4.5
1233,1.62,4.0,5.0
1234,1.85,3.39,4.75
1235,1.61,3.5,4.5
1236,1.67,3.75,5.0
1237,1.66,3.2,5.0
1238,1.8,3.5,4.5
1239,1.62,3.75,5.5
1240,1.83,3.5,4.5
1241,1.66,3.2,5.0
1242,1.8,3.75,4.5
1243,1.72,3.3,5.0
1244,1.73,3.8,5.5
1245,1.6,3.5,4.75
1246,1.72,3.4,5.0
1247,1.67,3.75,5.0
1248,1.61,3.4,5.0
1249,1.75,3.4,5.0
1250,1.67,3.5,5.5
1251,1.73,3.75,4.5
1252,1.75,3.75,4.5
1253,1.62,3.75,5.5
1254,1.72,3.0,5.0
1255,1.8,3.1,5.0
1256,1.72,3.4,5.0
1257,1.83,3.3,4.75
1258,1.61,3.2,5.5
1259,1.66,3.6,5.5
1260,1.57,4.0,5.5
1261,1.67,3.75,5.0
1262,1.8,3.25,5.0
1263,1.83,3.75,4.75
1264,1.65,3.75,5.5
1265,1.73,3.5,5.0
1266,1.57,3.25,5.5
1267,1.67,4.5,4.5
1268,1.72,3.1,5.5
1269,1.73,3.5,5.0
1270,1.8,3.4,4.75
1271,1.67,3.8,5.0
1272,1.72,3.5,5.0
1273,1.73,3.3,5.5
1274,1.66,3.6,5.0
1275,1.67,4.0,5.0
1276,1.66,3.5,5.0
1277,1.7,3.75,4.75
1278,1.73,3.4,5.25
1279,1.66,3.4,5.5
1280,1.7,3.5,5.5
1281,1.61,3.4,5.0
1282,1.73,3.5,5.0
1283,1.61,4.0,5.5
1284,1.62,4.0,5.25
1285,1.7,3.9,5.5
1286,1.66,3.3,5.5
1287,1.8,3.5,4.5
1288,1.66,3.4,5.5
1289,1.8,3.5,4.5
1290,1.61,4.0,5.5
1291,1.83,3.39,4.75
1292,1.8,3.6,4.5
1293,1.85,3.2,4.75
1294,1.8,3.3,4.5
1295,1.72,3.1,5.0
1296,1.8,3.25,5.25
1297,1.75,3.5,4.75
1298,1.67,3.6,5.5
1299,1.61,3.4,5.0
1300,1.66,3.2,5.0
1301,1.72,3.5,4.75
1302,1.66,3.2,5.0
1303,1.9,3.2,4.5
1304,1.66,3.4,4.5
1305,1.8,3.5,4.75
1306,1.66,3.2,5.0
1307,1.83,3.25,4.75
1308,1.72,3.79,4.75
1309,1.67,3.75,5.0
1310,1.83,3.5,4.5
1311,1.72,3.5,5.0
1312,1.83,3.1,4.75
1313,1.67,4.0,4.75
1314,1.65,3.4,5.5
1315,1.83,3.25,4.75
1316,1.8,3.5,4.75
1317,1.53,3.75,5.0
1318,1.7,3.4,5.5
1319,1.55,4.2,5.5
1320,1.67,3.6,5.5
1321,1.73,3.5,5.0
1322,1.66,3.75,5.0
1323,1.72,3.1,4.75
1324,1.75,3.75,4.75
1325,1.62,4.2,4.75
1326,1.72,3.0,5.0
1327,1.66,3.2,5.0
1328,1.6,4.2,5.0
1329,1.95,3.39,4.5
1330,1.72,3.25,5.5
1331,1.9,3.25,4.5
1332,1.62,3.8,5.5
1333,1.73,3.5,5.0
1334,1.8,3.8,4.75
1335,1.9,2.87,4.75
1336,1.73,3.5,5.0
1337,1.62,3.75,5.5
1338,1.73,3.6,5.25
1339,1.66,3.2,5.5
1340,1.66,3.4,4.5
1341,1.72,3.4,5.0
1342,1.8,3.5,4.75
1343,1.73,3.6,4.75
1344,1.6,4.0,5.25
1345,1.65,3.1,5.25
1346,1.73,3.6,5.0
1347,1.91,3.1,4.5
1348,1.83,3.5,5.25
1349,1.6,4.0,5.25
1350,1.75,3.6,4.75
1351,1.62,3.75,5.5
1352,1.8,3.6,4.5
1353,1.83,3.25,4.5
1354,1.67,3.75,5.0
1355,1.72,3.4,5.0
1356,1.7,3.8,5.0
1357,1.61,3.6,5.5
1358,1.72,3.0,5.0
1359,1.57,3.6,5.0
1360,1.72,3.6,4.5
1361,1.53,3.75,5.0
1362,1.61,3.6,5.5
1363,1.72,3.4,5.0
1364,1.83,3.0,5.0
1365,1.75,3.6,4.75
1366,1.8,3.4,4.5
1367,1.85,3.4,4.75
1368,1.62,4.5,4.5
1369,1.75,3.6,5.0
1370,1.83,3.25,4.5
1371,1.57,3.75,4.5
1372,1.8,3.4,4.75
1373,1.72,3.6,5.0
1374,1.55,4.5,5.25
1375,1.62,3.8,5.5
1376,1.73,3.5,5.0
1377,1.91,3.6,4.5
1378,1.61,3.6,5.5
1379,1.62,3.75,5.5
1380,1.8,3.25,5.0
1381,1.61,4.0,5.5
1382,1.9,3.0,4.75
1383,1.72,3.4,5.0
1384,1.62,4.0,5.0
1385,1.7,4.0,4.75
1386,1.66,3.3,4.75
1387,1.83,3.4,4.5
1388,1.67,3.8,5.0
1389,1.8,3.5,4.75
1390,1.83,3.4,4.5
1391,1.7,3.5,5.5
1392,1.8,3.4,5.0
1393,1.62,4.0,5.25
1394,1.57,4.0,5.5
1395,1.62,4.0,5.0
1396,1.67,3.6,5.25
1397,1.61,3.4,5.0
1398,1.67,3.8,5.0
1399,1.73,3.25,5.5
1400,1.61,3.75,5.5
1401,1.62,3.75,5.5
1402,1.72,3.6,5.0
1403,1.57,3.4,5.5
1404,1.72,3.6,5.0
1405,1.75,3.7,5.5
1406,1.75,3.4,5.5
1407,1.66,3.4,5.5
1408,1.75,3.6,5.0
1409,1.85,3.5,4.5
1410,1.83,3.25,4.5
1411,1.91,3.5,4.6
1412,1.66,3.4,5.5
1413,1.83,3.0,5.5
1414,1.83,3.4,4.5
1415,1.85,3.2,5.0
1416,1.75,3.5,5.0
1417,1.61,3.4,5.0
1418,1.55,3.6,5.25
1419,1.66,3.2,5.0
1420,1.73,3.5,5.0
1421,1.8,3.5,4.5
1422,1.8,3.5,4.75
1423,1.57,3.6,5.0
1424,1.62,4.2,5.25
1425,1.75,3.2,5.5
1426,1.85,3.1,5.0
1427,1.7,3.75,5.25
1428,1.8,3.6,4.5
1429,1.85,3.75,4.5
1430,1.57,4.0,5.5
1431,1.72,3.4,5.0
1432,1.83,3.6,4.5
1433,1.72,3.4,5.0
1434,1.73,3.8,4.75
1435,1.83,3.25,4.5
1436,1.8,3.6,4.6
1437,1.66,3.4,4.5
1438,1.53,3.75,5.0
1439,1.8,3.25,4.75
1440,1.73,3.75,5.0
1441,1.61,3.2,5.5
1442,1.66,3.4,4.5
1443,1.72,3.3,5.0
1444,1.75,3.8,4.5
1445,1.75,3.75,4.75
1446,1.61,3.2,5.5
1447,1.83,3.4,4.5
1448,1.67,3.5,5.5
1449,1.75,3.4,5.0
1450,1.66,3.4,4.5
1451,1.85,3.6,4.75
1452,1.83,3.5,4.5
1453,1.83,3.5,4.5
1454,1.75,3.4,5.0
1455,1.75,3.6,5.0
1456,1.83,3.6,4.5
1457,1.66,3.4,4.5
1458,1.67,4.2,5.25
1459,1.67,3.75,5.5
1460,1.73,3.5,5.0
1461,1.73,4.0,5.0
1462,1.66,3.6,5.0
1463,1.66,3.5,5.0
1464,1.85,3.3,4.5
1465,1.91,3.1,4.5
1466,1.8,3.5,4.5
1467,1.8,3.8,4.75
1468,1.8,3.25,5.0
1469,1.72,3.4,5.25
1470,1.8,3.4,5.0
1471,1.72,3.5,5.0
1472,1.8,3.4,4.5
1473,1.8,3.25,5.0
1474,1.62,3.75,5.5
1475,1.65,3.4,4.75
1476,1.8,3.1,4.5
1477,1.91,3.2,4.5
1478,1.8,3.3,4.5
1479,1.62,3.8,5.5
1480,1.73,3.8,5.5
1481,1.66,3.6,5.5
1482,1.7,4.0,4.75
1483,1.66,3.4,5.5
1484,1.8,3.8,4.75
1485,1.83,2.87,4.5
1486,1.57,3.4,5.5
1487,1.75,3.6,4.75
1488,2.0,3.0,4.5
1489,1.83,3.75,4.75
1490,1.8,3.5,4.75
1491,2.88,1.91,4.75
1492,1.75,3.5,4.75
1493,1.83,3.3,5.0
1494,1.8,3.3,4.75
1495,1.8,3.3,4.5
1496,1.67,3.6,5.25
1497,1.65,3.8,5.25
1498,1.75,3.0,4.75
1499,1.8,3.5,4.5
1500,1.85,3.3,4.5
1501,1.67,4.0,5.0
1502,1.65,3.75,5.5
1503,1.85,3.5,4.5
1504,1.66,4.0,5.0
1505,1.95,3.2,4.5
1506,1.8,3.3,4.5
1507,1.8,3.5,4.5
1508,1.72,3.1,5.5
1509,1.61,3.6,5.5
1510,1.72,3.4,5.0
1511,1.5,3.6,5.5
1512,1.7,3.8,4.75
1513,1.55,3.75,5.5
1514,1.66,3.6,5.0
1515,1.66,3.4,4.5
1516,1.75,3.5,5.25
1517,1.85,3.4,4.75
1518,1.66,3.6,5.25
1519,1.7,3.75,4.75
1520,1.73,3.5,5.0
1521,1.8,3.2,4.75
1522,1.8,3.79,4.75
1523,1.66,3.6,5.5
1524,1.72,3.0,5.0
1525,1.72,3.0,5.0
1526,1.61,3.75,5.5
1527,1.6,4.0,5.25
1528,1.73,3.75,4.5
1529,1.67,3.6,5.25
1530,1.67,4.0,5.0
1531,2.0,2.9,4.5
1532,1.8,2.87,4.5
1533,1.57,3.8,5.5
1534,1.61,3.2,5.5
1535,1.75,3.6,4.75
1536,1.57,4.0,5.5
1537,1.67,3.8,5.25
1538,1.83,3.25,4.5
1539,1.66,3.75,5.5
1540,1.8,3.5,4.75
1541,1.8,3.6,4.5
1542,1.64,3.79,5.0
1543,1.73,3.75,4.75
1544,1.8,3.4,4.5
1545,1.75,3.6,5.0
1546,1.67,3.75,5.5
1547,1.8,3.5,4.5
1548,1.9,3.0,4.5
1549,1.7,3.6,5.5
1550,1.7,3.6,5.0
1551,1.8,3.3,4.5
1552,1.75,3.5,4.75
1553,1.67,3.75,5.5
1554,1.75,3.5,4.75
1555,1.66,3.4,4.5
1556,1.73,3.5,5.5
1557,1.8,3.5,4.75
1558,1.7,3.25,5.5
1559,1.61,4.33,4.75
1560,1.85,3.6,4.75
1561,1.62,3.8,5.5
1562,1.67,3.5,5.5
1563,1.72,3.4,5.0
1564,1.75,3.4,5.25
1565,1.83,3.5,5.25
1566,1.73,3.75,4.5
1567,1.83,3.4,4.5
1568,1.91,3.25,4.5
1569,1.57,4.0,5.5
1570,1.83,3.9,4.5
1571,1.91,3.3,4.5
1572,1.66,3.4,5.5
1573,1.61,3.25,5.0
1574,1.66,3.6,5.0
1575,1.83,3.75,4.75
1576,4.5,1.62,4.5
1577,1.73,3.5,5.0
1578,1.83,3.4,4.5
1579,1.57,4.33,5.0
1580,1.73,3.6,5.25
1581,1.67,3.8,5.0
1582,1.73,3.5,5.0
1583,1.91,3.1,4.5
1584,1.62,3.8,5.5
1585,1.66,3.6,5.0
1586,1.73,3.5,5.0
1587,1.8,3.5,4.75
1588,1.9,3.0,4.5
1589,1.7,3.6,5.0
1590,1.83,3.0,5.0
1591,1.9,3.0,4.75
1592,1.7,3.5,5.5
1593,1.67,3.5,5.5
1594,1.9,3.0,4.5
1595,1.53,4.33,5.5
1596,1.8,3.4,4.5
1597,1.8,3.5,4.75
1598,1.73,3.6,4.75
1599,1.61,3.2,5.5
1600,1.55,4.2,5.5
1601,1.53,3.4,5.5
1602,1.61,3.25,5.0
1603,1.73,3.3,4.75
1604,1.89,3.6,4.5
1605,1.8,3.4,5.0
1606,1.83,2.87,4.5
1607,1.62,3.75,5.5
1608,1.83,3.4,4.5
1609,1.91,3.3,4.5
1610,1.66,3.4,5.5
1611,1.73,3.4,5.25
1612,1.73,3.6,4.75
1613,1.8,3.5,4.75
1614,1.57,3.5,5.0
1615,1.8,3.5,4.5
1616,1.72,3.6,4.75
1617,1.8,3.5,4.5
1618,1.91,3.25,4.5
1619,1.61,3.2,5.5
1620,1.67,4.0,5.0
1621,1.72,3.6,4.5
1622,1.62,4.0,5.0
1623,1.66,3.6,5.0
1624,1.66,3.6,5.5
1625,1.75,4.0,5.0
1626,1.65,4.2,5.5
1627,1.73,3.5,5.0
1628,1.73,3.5,5.0
1629,1.57,4.0,5.5
1630,1.61,3.75,5.5
1631,1.66,3.4,5.5
1632,1.75,3.5,4.75
1633,1.5,3.75,5.5
1634,2.0,2.8,4.5
1635,1.8,3.6,4.5
1636,1.62,4.2,5.25
1637,1.8,3.4,4.75
1638,1.75,3.6,5.0
1639,1.8,3.3,5.0
1640,1.5,4.75,5.5
1641,1.67,3.8,5.25
1642,1.75,4.0,5.0
1643,1.83,3.4,4.75
1644,1.72,3.1,5.5
1645,1.73,3.8,4.5
1646,1.61,3.4,5.0
1647,1.83,3.5,4.5
1648,1.72,3.2,4.5
1649,1.67,3.5,5.5
1650,1.66,3.6,5.5
1651,1.57,3.8,5.5
1652,1.67,3.5,5.5
1653,1.73,3.6,4.75
1654,1.66,3.4,5.5
1655,1.83,3.2,4.75
1656,1.8,3.5,4.75
1657,1.66,3.2,5.0
1658,1.61,3.4,5.0
1659,1.72,3.25,5.5
1660,1.85,3.6,4.75
1661,1.72,3.2,4.5
1662,1.83,3.5,4.5
1663,1.72,3.6,4.5
1664,1.85,3.2,4.75
1665,1.72,3.5,5.5
1666,1.73,3.75,5.0
1667,1.8,3.9,4.75
1668,1.61,3.75,4.5
1669,1.75,3.75,4.75
1670,1.83,3.6,4.5
1671,1.8,2.7,5.0
1672,1.67,3.75,5.5
1673,1.73,3.4,5.25
1674,1.65,3.6,5.5
1675,1.75,3.2,5.5
1676,1.61,3.4,5.0
1677,1.8,3.6,4.5
1678,1.8,4.0,4.5
1679,1.57,4.33,5.5
1680,1.85,3.5,5.0
1681,1.61,3.6,5.5
1682,1.66,3.6,5.5
1683,1.8,3.4,5.0
1684,1.62,3.8,5.5
1685,1.83,3.25,4.75
1686,1.8,3.6,5.25
1687,1.75,3.4,5.0
1688,1.67,3.6,5.5
1689,1.95,3.0,4.5
1690,1.72,3.2,4.5
1691,1.61,3.5,5.0
1692,1.57,3.6,5.5
1693,1.83,3.25,4.75
1694,1.73,3.75,5.0
1695,1.73,3.6,4.75
1696,1.8,3.4,4.75
1697,1.62,3.8,5.5
1698,1.83,3.4,4.5
1699,1.62,3.75,5.5
1700,1.72,3.4,5.0
1701,1.8,3.2,5.0
1702,1.62,3.6,4.75
1703,1.75,3.5,5.0
1704,1.65,3.5,5.0
1705,1.61,3.25,5.0
1706,1.8,3.8,4.75
1707,1.7,4.0,5.5
1708,2.0,2.8,4.5
1709,1.75,3.3,5.0
1710,1.7,3.5,5.0
1711,1.7,3.75,5.0
1712,1.85,3.5,4.5
1713,1.44,4.0,5.5
1714,1.61,3.25,5.0
1715,1.57,3.4,5.5
1716,1.72,3.4,5.25
1717,1.9,2.5,5.5
1718,1.75,3.4,5.0
1719,1.8,3.5,4.5
1720,1.91,3.3,4.5
1721,1.66,3.4,5.5
1722,1.7,3.6,5.5
1723,1.72,3.5,4.75
1724,1.85,3.5,5.0
1725,1.85,3.2,4.75
1726,1.83,3.0,5.0
1727,1.8,3.4,4.5
1728,1.67,3.75,5.5
1729,1.83,3.25,5.0
1730,1.8,3.3,4.75
1731,1.67,3.75,5.5
1732,1.72,3.5,4.75
1733,1.67,3.75,5.0
1734,1.67,3.75,5.5
1735,1.67,3.75,5.0
1736,1.91,3.3,4.5
1737,1.62,4.0,5.0
1738,1.57,4.1,5.5
1739,1.75,3.6,4.75
1740,1.66,3.4,4.5
1741,1.85,3.2,4.75
1742,1.7,3.8,5.0
1743,1.62,4.0,5.0
1744,1.72,3.4,5.0
1745,1.75,3.3,5.25
1746,1.85,3.5,5.0
1747,1.67,3.75,5.5
1748,1.85,3.3,4.5
1749,1.73,3.6,5.25
1750,1.75,3.5,4.75
1751,1.72,3.5,5.0
1752,1.8,3.5,4.5
1753,1.67,3.5,5.5
1754,1.73,3.6,5.25
1755,1.72,4.0,4.5
1756,1.66,3.39,4.5
1757,1.61,3.25,5.5
1758,1.66,3.2,5.0
1759,1.66,4.0,5.0
1760,1.61,3.6,5.0
1761,1.57,3.5,5.0
1762,1.85,3.6,4.5
1763,1.72,3.3,5.0
1764,1.66,3.4,5.5
1765,1.62,3.8,5.5
1766,1.73,3.5,5.0
1767,1.66,3.4,4.5
1768,1.5,3.6,5.5
1769,1.73,3.4,5.25
1770,1.8,3.5,4.5
1771,1.72,3.4,5.0
1772,1.8,3.4,4.5
1773,1.67,3.5,5.5
1774,1.72,3.3,5.0
1775,1.8,3.3,4.75
1776,1.72,3.1,5.5
1777,1.61,3.6,5.5
1778,1.8,3.2,4.75
1779,1.73,3.7,4.6
1780,1.75,3.4,4.75
1781,1.62,3.6,5.5
1782,1.55,4.33,5.25
1783,1.57,3.8,5.5
1784,1.72,3.0,5.0
1785,1.8,3.5,4.75
1786,1.75,3.75,4.75
1787,1.75,3.4,5.0
1788,1.9,2.8,5.0
1789,1.8,3.5,4.75
1790,1.65,3.8,5.5
1791,1.72,3.2,4.5
1792,1.75,3.7,5.5
1793,1.72,3.4,5.0
1794,1.57,4.33,5.0
1795,1.73,3.9,5.25
1796,1.83,3.1,4.75
1797,1.67,3.5,5.5
1798,1.91,3.1,4.5
1799,1.6,4.6,4.75
1800,1.72,3.4,5.0
1801,1.9,3.1,4.5
1802,1.61,3.25,5.0
1803,1.67,3.8,5.0
1804,1.75,3.8,5.25
1805,1.75,3.6,4.75
1806,1.8,3.5,4.5
1807,1.7,3.8,4.75
1808,1.8,3.75,5.0
1809,1.8,3.5,4.5
1810,1.66,3.2,5.0
1811,1.83,3.4,4.5
1812,1.66,3.4,4.5
1813,1.75,3.0,4.75
1814,1.72,3.6,4.75
1815,1.66,3.75,5.25
1816,1.62,3.8,5.5
1817,1.7,3.5,4.5
1818,1.72,3.5,5.0
1819,1.8,3.6,4.5
1820,1.83,3.25,4.75
1821,1.8,3.39,5.0
1822,1.8,3.5,4.5
1823,1.67,3.75,5.0
1824,1.67,4.0,5.0
1825,1.7,3.6,5.0
1826,1.62,3.75,5.5
1827,1.62,3.75,5.5
1828,1.66,3.4,4.5
1829,1.62,4.0,5.25
1830,1.66,3.4,5.5
1831,1.57,3.4,5.5
1832,1.62,4.1,5.0
1833,1.7,3.6,5.0
1834,1.72,3.6,5.25
1835,1.53,4.0,5.25
1836,1.83,3.2,5.0
1837,1.72,3.6,4.75
1838,1.9,2.9,5.0
1839,1.73,4.0,4.5
1840,1.75,3.25,5.5
1841,1.62,3.75,5.5
1842,1.73,3.25,5.5
1843,1.8,3.1,5.5
1844,1.91,3.5,4.6
1845,1.53,3.4,5.5
1846,1.72,3.6,5.0
1847,1.83,3.0,5.0
1848,1.66,3.2,5.0
1849,1.8,3.5,4.5
1850,1.62,4.0,5.5
1851,1.66,3.4,5.5
1852,1.83,3.25,4.5
1853,1.73,3.75,5.0
1854,1.67,3.75,5.5
1855,1.62,3.75,5.5
1856,1.73,3.5,5.0
1857,1.75,3.8,5.25
1858,1.8,3.6,4.5
1859,1.8,3.4,5.0
1860,1.72,4.0,4.5
1861,1.65,3.6,5.5
1862,1.53,3.6,5.5
1863,1.67,4.0,5.0
1864,1.67,3.5,5.5
1865,1.91,3.2,4.5
1866,1.65,4.0,4.75
1867,1.91,3.1,4.5
1868,1.83,3.6,4.5
1869,1.6,4.09,5.0
1870,1.61,3.6,5.5
1871,1.73,3.6,5.0
1872,1.8,3.1,5.0
1873,1.75,4.0,5.0
1874,1.8,3.5,4.75
1875,1.66,3.6,5.0
1876,1.72,3.4,5.0
1877,1.72,2.9,5.0
1878,1.7,3.4,5.5
1879,1.53,3.5,5.5
1880,1.83,3.6,4.5
1881,2.1,2.63,4.75
1882,1.67,3.5,5.5
1883,1.62,4.0,5.5
1884,1.85,3.2,4.5
1885,1.67,3.5,5.5
1886,1.8,3.1,4.75
1887,1.6,4.2,5.25
1888,1.75,3.4,5.0
1889,2.0,2.9,4.5
1890,1.61,3.5,5.0
1891,1.75,3.6,5.0
1892,1.7,4.2,4.5
1893,1.8,3.1,5.0
1894,1.73,3.4,5.25
1895,1.72,3.0,4.5
1896,1.57,3.4,5.5
1897,1.83,3.0,5.0
1898,1.73,3.6,5.0
1899,1.8,3.3,4.75
1900,1.73,3.7,4.6
1901,1.73,3.8,4.75
1902,1.8,3.1,5.0
1903,1.8,3.4,4.75
1904,1.72,3.3,5.5
1905,1.62,4.0,5.0
1906,1.72,3.3,5.0
1907,1.65,3.6,5.0
1908,1.62,4.1,5.0
1909,1.67,3.6,5.5
1910,1.91,3.5,4.75
1911,1.66,3.2,5.0
1912,1.83,3.5,4.5
1913,1.75,3.8,5.25
1914,1.57,4.1,5.5
1915,1.67,3.5,5.5
1916,1.66,3.4,5.5
1917,1.5,3.6,5.5
1918,1.8,3.5,4.75
1919,1.91,3.3,4.5
1920,2.1,2.75,4.5
1921,1.8,3.5,4.5
1922,1.83,3.4,4.5
1923,1.62,3.8,5.5
1924,1.8,3.3,4.5
1925,1.72,3.79,4.75
1926,1.75,3.3,5.25
1927,1.7,4.0,5.25
1928,1.83,3.6,4.75
1929,1.9,3.0,4.5
1930,1.9,3.2,4.75
1931,1.61,4.0,5.5
1932,1.75,3.5,5.0
1933,1.65,3.6,5.5
1934,1.8,3.4,4.75
1935,1.85,3.2,4.75
1936,1.75,3.2,4.5
1937,1.66,3.2,5.0
1938,1.75,3.6,4.6
1939,1.83,3.4,4.5
1940,1.83,2.87,4.5
1941,1.72,3.2,5.5
1942,1.66,3.6,5.0
1943,1.75,3.6,5.0
1944,1.75,3.75,4.5
1945,1.7,3.2,4.75
1946,1.8,3.6,4.5
1947,1.72,3.0,5.0
1948,1.91,3.1,4.6
1949,1.62,3.75,5.5
1950,1.85,3.3,4.5
1951,1.67,4.0,5.0
1952,1.83,3.3,4.75
1953,1.66,3.4,5.5
1954,1.8,3.25,5.0
1955,1.67,3.5,5.25
1956,1.57,4.0,5.5
1957,1.75,3.4,5.0
1958,1.9,3.1,4.5
1959,1.57,3.25,5.5
1960,1.8,3.6,4.5
1961,1.67,4.2,4.75
1962,1.73,3.5,5.0
1963,1.62,3.75,5.5
1964,1.61,3.2,5.5
1965,1.85,3.1,5.0
1966,1.83,3.25,4.75
1967,1.57,3.25,5.5
1968,1.8,3.4,4.75
1969,1.7,3.8,5.0
1970,1.73,3.75,4.75
1971,1.8,3.75,5.0
1972,1.73,3.75,4.5
1973,1.73,3.9,5.25
1974,1.75,3.75,4.75
1975,1.75,3.4,4.75
1976,1.61,3.6,5.5
1977,1.91,3.3,4.5
1978,1.62,4.2,4.75
1979,1.62,3.75,5.5
1980,1.85,3.25,5.0
1981,1.72,3.4,5.0
1982,1.8,3.7,4.5
1983,1.62,4.0,5.0
1984,1.8,3.5,4.5
1985,1.83,3.7,4.8
1986,1.62,3.8,5.5
1987,1.83,3.4,4.75
1988,1.73,3.75,5.5
1989,1.8,3.25,5.0
1990,1.95,2.9,4.75
1991,1.75,3.5,4.75
1992,1.83,3.25,4.5
1993,1.62,3.8,5.5
1994,1.75,3.6,4.75
1995,1.83,3.25,4.5
1996,1.62,4.2,4.75
1997,1.8,3.3,4.5
1998,1.7,3.75,5.0
1999,1.61,3.75,5.5
2000,1.8,3.3,4.75
2001,1.61,3.2,5.5
2002,1.8,3.5,4.75
2003,1.67,3.5,5.5
2004,1.75,3.6,4.6
2005,1.57,3.75,5.5
2006,1.83,3.1,4.75
2007,1.67,3.75,5.5
2008,1.83,3.25,4.5
2009,1.75,3.75,4.5
2010,1.8,3.3,4.5
2011,1.7,3.75,4.75
2012,1.8,3.5,4.75
2013,1.95,3.4,4.5
2014,1.57,3.3,5.5
2015,1.7,3.4,5.5
2016,1.61,3.3,5.25
2017,1.65,4.2,5.5
2018,1.62,3.8,5.5
2019,1.66,3.6,5.5
2020,1.8,3.5,4.5
2021,1.67,3.5,5.5
2022,1.75,3.3,5.0
2023,1.65,3.6,5.5
2024,1.62,3.75,5.5
2025,1.83,3.5,4.5
2026,1.62,4.33,5.0
2027,1.75,3.3,5.25
2028,1.8,3.5,4.75
2029,1.62,4.0,5.0
2030,1.61,3.75,5.5
2031,1.62,3.75,5.5
2032,1.9,3.39,4.75
2033,1.72,3.1,5.5
2034,1.73,3.6,4.75
2035,1.75,3.75,5.25
2036,1.72,3.4,5.0
2037,1.72,3.79,4.75
2038,1.8,3.5,4.5
2039,1.85,3.3,4.5
2040,1.61,3.3,5.0
2041,1.66,3.6,5.5
2042,1.8,3.2,5.0
2043,1.75,3.6,5.0
2044,1.8,3.3,4.5
2045,1.5,4.0,4.5
2046,1.57,3.75,5.5
2047,1.83,3.5,4.5
2048,1.8,3.3,4.5
2049,1.85,3.75,4.5
2050,1.66,3.4,5.5
2051,1.66,3.4,5.5
2052,1.7,3.8,4.75
2053,1.8,3.1,5.0
2054,1.8,3.3,4.5
2055,1.67,3.75,5.0
2056,1.67,3.75,5.5
2057,1.73,3.8,5.5
2058,1.91,3.2,4.75
2059,1.72,3.4,5.0
2060,1.73,3.75,4.5
2061,1.9,3.0,4.5
2062,1.62,3.75,5.5
2063,1.83,3.75,4.75
2064,1.83,3.5,4.5
2065,1.62,3.8,5.5
2066,1.65,3.6,5.25
2067,1.67,3.75,5.5
2068,1.73,3.5,5.0
2069,1.66,3.6,5.0
2070,1.75,3.2,5.5
2071,1.8,3.4,4.5
2072,1.57,4.2,5.25
2073,1.7,3.4,5.5
2074,1.72,3.6,5.5
2075,1.62,3.75,5.5
2076,1.7,3.2,4.75
2077,1.67,3.75,5.5
2078,1.73,3.6,4.75
2079,1.72,3.3,5.5
2080,1.57,4.0,5.5
2081,1.83,3.1,4.75
2082,1.7,3.4,5.5
2083,1.61,3.2,5.5
2084,1.85,3.5,4.5
2085,1.57,3.4,5.5
2086,1.72,3.3,5.0
2087,1.8,3.4,5.0
2088,1.73,3.75,5.5
2089,1.62,3.75,5.5
2090,1.67,3.7,5.5
2091,1.65,3.75,5.25
2092,1.9,3.1,4.5
2093,1.75,3.8,5.25
2094,1.83,2.87,4.5
2095,1.5,3.6,5.5
2096,1.83,3.75,4.75
2097,1.57,4.5,4.75
2098,1.8,3.6,4.5
2099,1.75,3.75,5.25
2100,1.67,3.75,5.5
2101,1.72,3.3,5.0
2102,1.8,3.5,4.5
2103,1.61,3.5,4.5
2104,1.72,3.5,4.75
2105,1.7,3.5,5.25
2106,1.8,3.0,4.5
2107,1.5,3.6,5.5
2108,1.85,3.4,4.75
2109,1.66,3.3,4.5
2110,1.61,3.4,5.0
2111,1.53,3.5,5.5
2112,1.61,3.75,5.5
2113,1.91,3.3,4.5
2114,1.61,3.6,5.5
2115,1.8,3.2,5.0
2116,1.62,4.0,5.25
2117,1.75,3.2,5.5
2118,1.85,3.4,4.75
2119,1.85,3.25,5.0
2120,1.9,3.0,4.5
2121,1.67,3.75,5.5
2122,1.75,3.25,5.5
2123,1.85,3.5,4.5
2124,1.67,3.6,5.25
2125,1.73,3.6,4.75
2126,1.83,2.87,4.5
2127,1.9,3.0,4.5
2128,1.83,3.4,4.75
2129,1.75,3.2,5.5
2130,1.85,3.4,4.75
2131,1.72,3.4,5.0
2132,1.62,4.0,5.5
2133,1.73,3.6,5.25
2134,1.73,3.5,5.0
2135,1.61,3.2,5.5
2136,1.55,3.8,5.5
2137,1.66,3.6,5.0
2138,3.1,1.66,5.0
2139,1.72,3.5,4.75
2140,1.72,3.4,5.0
2141,1.57,3.5,5.25
2142,1.85,3.5,4.5
2143,1.72,3.1,5.0
2144,1.8,3.25,5.0
2145,1.8,3.5,4.5
2146,1.65,3.6,5.5
2147,1.67,3.5,5.5
2148,1.8,3.5,4.5
2149,2.0,2.37,5.0
2150,1.8,3.4,4.5
2151,1.7,4.0,4.5
2152,1.67,3.8,5.0
2153,1.8,3.5,4.5
2154,1.8,3.4,4.75
2155,1.67,3.6,5.25
2156,1.72,3.3,5.0
2157,1.73,3.5,5.0
2158,1.72,3.4,5.0
2159,1.9,3.25,4.5
2160,1.72,3.4,5.0
2161,1.66,3.4,5.5
2162,1.61,3.75,5.5
2163,1.95,3.0,4.5
2164,1.57,3.6,5.0
2165,1.67,3.75,5.0
2166,1.67,4.0,4.75
2167,1.66,4.0,5.0
2168,1.8,3.4,4.75
2169,1.61,3.25,5.0
2170,1.66,3.4,5.5
2171,1.73,3.8,5.5
2172,1.61,3.4,5.0
2173,1.8,3.1,5.25
2174,1.66,3.25,4.5
2175,1.8,3.1,5.0
2176,1.66,3.4,5.5
2177,1.75,3.6,4.75
2178,1.72,3.3,5.0
2179,1.62,4.0,5.5
2180,1.83,3.25,4.75
2181,1.85,3.3,4.75
2182,1.61,3.25,5.0
2183,1.7,3.5,5.25
2184,1.73,3.3,5.5
2185,1.83,3.1,5.0
2186,1.72,3.4,5.0
2187,1.8,3.5,4.5
2188,1.8,3.1,5.0
2189,1.83,3.7,4.75
2190,1.73,3.8,4.5
2191,1.8,3.2,5.0
2192,1.62,3.9,5.25
2193,1.66,3.3,4.75
2194,1.75,3.6,5.0
2195,1.73,3.75,4.5
2196,1.7,3.6,5.5
2197,1.8,3.3,4.5
2198,1.75,3.25,5.25
2199,1.73,3.6,4.75
2200,1.62,3.75,5.5
2201,1.8,3.3,4.75
2202,1.85,3.5,4.5
2203,1.73,3.75,4.5
2204,1.83,3.25,4.5
2205,1.83,3.4,4.5
2206,1.91,3.3,4.5
2207,1.8,3.5,4.5
2208,1.72,3.6,5.25
2209,1.7,3.8,5.0
2210,1.61,3.6,4.5
2211,1.62,4.0,5.0
2212,1.73,3.8,4.75
2213,1.75,3.6,5.0
2214,1.75,3.4,5.0
2215,1.67,3.75,5.5
2216,1.57,4.2,5.25
2217,1.61,3.5,4.5
2218,1.53,3.6,5.5
2219,1.72,3.4,5.0
2220,1.85,3.75,4.5
2221,1.57,4.2,5.25
2222,1.64,4.2,5.0
2223,1.9,3.1,4.5
2224,1.57,3.6,5.5
2225,1.75,3.4,5.0
2226,1.8,3.3,4.75
2227,1.72,3.0,5.0
2228,1.91,3.3,4.5
2229,1.8,3.5,4.5
2230,1.67,3.75,5.0
2231,1.8,3.25,4.75
2232,1.62,4.0,5.0
2233,1.61,3.6,5.5
2234,1.62,4.0,5.25
2235,1.61,3.6,5.0
2236,2.6,2.1,5.0
2237,1.67,3.6,5.25
2238,1.9,3.0,4.75
2239,1.75,3.2,5.25
2240,1.67,3.75,5.0
2241,1.57,3.8,5.5
2242,1.72,3.3,5.5
2243,1.85,3.39,4.75
2244,1.72,3.0,5.0
2245,1.73,3.75,4.5
2246,1.72,3.6,4.75
2247,1.66,3.6,5.0
2248,1.66,3.5,5.5
2249,1.67,3.75,5.0
2250,1.73,3.4,5.5
2251,1.62,4.2,4.75
2252,1.73,3.6,5.25
2253,1.73,3.75,4.5
2254,1.75,3.6,4.5
2255,1.75,3.8,5.25
2256,1.66,3.4,5.5
2257,2.25,2.5,4.5
2258,1.72,3.4,5.0
2259,1.53,4.75,5.25
2260,1.75,3.4,5.0
2261,1.85,3.8,4.5
2262,1.95,2.87,4.5
2263,1.83,3.1,5.0
2264,1.53,3.5,5.5
2265,1.8,3.3,4.75
2266,1.91,3.3,4.5
2267,1.62,3.8,5.5
2268,1.8,3.39,5.0
2269,1.72,3.5,5.0
2270,1.83,3.5,4.5
2271,1.8,3.6,4.6
2272,1.83,3.4,4.75
2273,1.75,3.5,4.75
2274,1.7,4.0,5.5
2275,2.0,2.9,4.5
2276,1.8,3.4,4.75
2277,1.72,3.79,4.75
2278,1.73,3.5,5.0
2279,1.73,3.5,5.0
2280,1.6,3.4,5.0
2281,1.7,3.5,5.25
2282,1.62,3.75,5.5
2283,1.67,3.5,5.5
2284,1.73,3.6,4.75
2285,1.5,3.6,5.5
2286,1.75,3.75,4.5
2287,1.8,3.3,4.75
2288,1.75,3.75,4.75
2289,1.72,3.4,5.25
2290,1.83,3.5,4.5
2291,1.95,3.0,4.5
2292,1.66,3.5,5.5
2293,1.73,3.9,5.25
2294,1.75,3.5,5.0
2295,1.83,3.4,4.5
2296,1.62,3.75,5.5
2297,1.75,3.6,5.0
2298,1.66,3.4,5.5
2299,1.75,3.6,5.0
2300,1.67,3.75,5.5
2301,1.7,3.5,4.5
2302,1.61,3.2,5.5
2303,1.67,3.75,5.0
2304,1.75,3.4,5.0
2305,1.75,3.6,4.75
2306,1.83,3.6,4.5
2307,1.85,3.4,4.5
2308,1.8,3.2,5.0
2309,1.67,3.5,5.5
2310,1.72,3.0,5.0
2311,1.8,3.6,4.5
2312,1.73,3.75,5.0
2313,1.83,3.4,4.5
2314,1.67,3.75,5.5
2315,1.67,3.7,5.0
2316,1.91,3.6,4.5
2317,1.67,3.75,5.0
2318,1.7,3.79,5.0
2319,1.67,3.75,5.5
2320,1.67,3.75,5.5
2321,1.62,4.0,5.25
2322,1.72,3.4,4.5
2323,1.66,3.2,5.0
2324,1.8,3.2,5.0
2325,1.53,4.33,5.5
2326,1.85,3.5,4.5
2327,1.61,3.2,5.5
2328,1.61,3.4,5.0
2329,1.75,3.75,5.25
2330,1.75,3.5,4.75
2331,1.75,3.5,5.25
2332,1.8,3.5,4.5
2333,1.8,3.8,4.75
2334,1.8,3.5,4.5
2335,1.73,3.6,4.75
2336,1.55,4.5,5.5
2337,1.7,3.8,4.75
2338,1.61,4.33,5.0
2339,1.95,3.0,4.5
2340,1.62,4.1,5.0
2341,1.61,3.75,5.5
2342,1.85,3.3,4.75
2343,1.57,3.4,5.5
2344,1.75,3.6,4.75
2345,1.61,3.6,5.5
2346,1.83,3.5,4.5
2347,1.57,3.5,5.25
2348,1.8,3.4,4.75
2349,1.73,3.6,4.75
2350,1.73,3.6,5.0
2351,1.66,3.2,5.0
2352,1.85,3.5,4.5
2353,1.67,3.8,5.0
2354,1.83,3.25,4.75
2355,1.67,3.8,5.25
2356,1.85,3.2,4.75
2357,1.67,3.8,5.25
2358,1.83,3.5,4.5
2359,1.73,3.75,4.75
2360,1.9,3.5,4.75
2361,1.75,3.75,5.25
2362,1.73,3.6,5.25
2363,1.8,3.3,4.75
2364,1.75,3.3,4.5
2365,1.8,3.3,4.5
2366,1.66,3.4,5.5
2367,1.83,3.3,5.0
2368,1.72,3.6,4.75
2369,1.61,3.6,5.5
2370,1.85,3.2,4.75
2371,1.72,3.6,5.25
2372,1.8,3.3,4.5
2373,1.53,3.6,5.0
2374,1.62,3.75,5.5
2375,1.67,3.75,5.5
2376,1.7,3.6,5.0
2377,1.83,3.4,4.5
2378,1.62,4.33,4.75
2379,1.62,4.0,5.5
2380,1.72,3.89,5.25
2381,1.66,3.2,5.0
2382,1.72,3.6,4.75
2383,1.7,3.6,5.0
2384,1.83,3.4,4.5
2385,1.75,3.2,5.25
2386,1.57,4.0,5.5
2387,1.67,3.75,5.5
2388,1.73,3.6,4.75
2389,1.67,3.8,5.0
2390,1.61,3.5,4.5
2391,1.67,3.75,5.5
2392,1.66,3.4,4.5
2393,1.72,3.3,5.0
2394,1.67,3.8,5.0
2395,1.83,3.75,4.75
2396,1.72,2.87,5.0
2397,1.85,3.4,4.75
2398,1.66,3.4,4.5
2399,1.9,3.1,4.5
2400,1.8,3.5,4.75
2401,1.66,3.4,5.5
2402,1.75,3.4,5.0
2403,1.73,3.75,5.0
2404,1.73,3.4,5.25
2405,1.57,4.2,5.25
2406,1.8,3.3,4.75
2407,1.8,3.3,4.5
2408,1.75,3.4,5.5
2409,1.72,3.2,4.5
2410,1.73,3.5,5.0
2411,1.7,3.5,5.25
2412,1.73,3.6,5.25
2413,1.62,4.0,5.25
2414,1.67,3.5,5.5
2415,1.85,3.5,4.5
2416,1.72,3.4,5.0
2417,1.8,4.0,4.5
2418,1.67,3.8,5.0
2419,1.83,3.25,4.75
2420,1.8,3.4,4.75
2421,1.57,4.0,5.5
2422,1.67,3.75,5.0
2423,1.75,3.9,5.0
2424,1.8,3.8,4.75
2425,1.8,3.5,4.75
2426,1.83,3.6,5.0
2427,1.8,3.3,4.5
2428,1.83,3.25,4.5
2429,1.8,3.5,4.75
2430,1.5,3.6,5.5
2431,1.61,3.25,5.0
2432,1.8,3.8,4.75
2433,1.53,3.5,5.5
2434,1.62,4.0,5.0
2435,1.8,3.5,4.5
2436,1.66,3.6,5.0
2437,1.83,3.2,5.0
2438,1.83,3.5,4.5
2439,1.72,3.0,5.0
2440,1.62,4.2,5.25
2441,1.8,3.4,4.5
2442,1.6,4.0,5.25
2443,1.73,3.4,5.25
2444,1.66,3.2,5.0
2445,1.67,3.75,5.25
2446,1.8,3.5,4.5
2447,1.83,3.3,4.75
2448,1.67,4.2,4.75
2449,1.8,3.6,4.75
2450,1.67,3.6,5.5
2451,1.8,3.5,4.75
2452,1.62,3.75,5.5
2453,1.72,3.4,5.25
2454,1.72,3.75,4.5
2455,1.83,3.39,4.75
2456,1.75,3.3,5.25
2457,1.75,3.5,4.75
2458,1.57,4.0,5.5
2459,1.8,3.75,5.0
2460,1.61,4.0,5.5
2461,1.75,3.8,5.25
2462,1.73,3.75,4.5
2463,1.67,3.75,5.5
2464,1.75,3.4,5.25
2465,1.7,3.75,5.0
2466,1.62,3.75,5.5
2467,1.66,3.4,5.5
2468,1.8,3.6,4.5
2469,1.75,3.4,5.0
2470,1.75,3.75,5.25
2471,1.83,3.25,4.75
2472,1.91,3.3,4.5
2473,1.75,3.5,5.25
2474,1.62,4.2,5.25
2475,1.67,3.6,5.25
2476,1.67,4.0,4.75
2477,1.72,3.5,5.0
2478,1.6,4.0,5.5
2479,1.66,3.6,5.0
2480,1.67,3.8,5.0
2481,1.83,3.4,4.5
2482,1.61,3.5,4.5
2483,1.8,3.3,4.5
2484,1.66,3.6,5.5
2485,1.57,4.0,5.5
2486,1.73,3.75,4.5
2487,1.67,3.6,5.25
2488,1.83,3.6,4.5
2489,1.75,3.5,5.25
2490,1.83,3.4,4.5
2491,1.66,3.6,5.5
2492,1.73,3.75,4.5
2493,1.44,4.0,5.5
2494,1.61,4.0,5.5
2495,1.66,3.4,5.5
2496,1.83,3.4,4.5
2497,1.83,3.5,4.5
2498,1.57,4.0,5.5
2499,1.8,2.7,5.0
2500,1.61,3.6,5.5
2501,1.62,3.75,5.5
2502,1.95,3.5,4.5
2503,1.67,3.6,5.25
2504,1.61,4.2,5.25
2505,2.4,2.0,4.75
2506,1.67,3.8,5.0
2507,1.75,3.5,5.25
2508,1.83,3.4,4.5
2509,1.5,3.75,5.5
2510,1.66,3.4,4.5
2511,1.66,3.4,4.5
2512,1.9,3.2,4.5
2513,1.6,4.2,5.5
2514,1.67,3.75,5.0
2515,1.66,3.6,5.5
2516,1.7,4.0,5.5
2517,1.61,3.4,5.0
2518,1.9,3.29,4.5
2519,1.72,3.5,5.0
2520,1.8,3.3,4.75
2521,1.57,4.0,5.5
2522,1.85,3.1,5.0
2523,1.66,3.2,5.0
2524,1.72,3.0,5.0
2525,1.57,3.6,5.0
2526,1.75,3.6,5.0
2527,1.67,3.6,5.5
2528,1.75,3.25,5.0
2529,1.75,3.4,5.0
2530,1.67,3.75,5.5
2531,1.75,3.6,5.0
2532,1.62,3.75,5.5
2533,1.83,3.6,4.5
2534,1.57,3.4,5.5
2535,1.55,4.2,5.5
2536,1.55,4.2,5.5
2537,1.61,3.2,5.5
2538,1.62,4.0,5.5
2539,1.72,3.5,5.0
2540,1.67,3.75,5.5
2541,1.67,3.75,5.0
2542,1.66,3.75,5.5
2543,1.67,3.6,5.25
2544,1.73,3.8,4.5
2545,1.7,3.5,5.0
2546,1.61,3.6,5.0
2547,1.67,3.6,5.5
2548,1.83,3.25,4.75
2549,1.62,3.75,5.5
2550,1.85,3.2,4.75
2551,1.72,3.3,5.5
2552,1.85,3.39,5.25
2553,1.67,3.8,5.0
2554,1.73,3.3,5.5
2555,1.85,3.3,4.5
2556,1.8,3.6,4.5
2557,1.7,3.79,5.0
2558,1.66,3.25,5.0
2559,1.85,3.25,4.5
2560,1.67,3.75,5.0
2561,1.85,3.8,4.5
2562,1.91,3.6,4.5
2563,1.83,3.3,4.75
2564,1.73,3.5,5.0
2565,1.8,3.6,4.75
2566,1.73,3.6,5.25
2567,1.7,3.6,5.0
2568,1.91,3.5,4.5
2569,1.83,3.5,4.5
2570,1.73,3.9,5.25
2571,1.7,3.8,4.75
2572,1.83,3.4,4.5
2573,1.83,3.1,4.75
2574,1.66,3.6,5.0
2575,1.75,3.79,4.75
2576,1.72,3.3,5.0
2577,1.61,3.25,5.5
2578,1.72,3.79,5.5
2579,1.75,3.8,4.75
2580,1.73,3.5,5.0
2581,1.83,3.2,4.75
2582,1.61,3.75,5.5
2583,1.83,3.4,4.5
2584,1.73,3.4,5.5
2585,1.72,3.6,4.75
2586,1.62,3.5,5.25
2587,1.67,3.5,5.5
2588,1.83,3.2,4.75
2589,1.61,3.2,5.5
2590,1.73,3.6,5.0
2591,1.83,3.6,5.0
2592,1.91,3.5,4.75
2593,1.73,3.6,4.75
2594,1.8,3.5,4.5
2595,1.73,3.4,5.25
2596,1.83,3.5,4.5
2597,1.65,3.6,5.5
2598,1.8,3.5,4.5
2599,1.57,4.0,5.5
2600,1.72,3.5,4.75
2601,1.73,3.5,5.0
2602,1.57,4.33,5.0
2603,1.53,3.75,5.0
2604,1.72,4.0,5.0
2605,1.91,3.5,4.75
